leopard print slip dress, spaghetti straps, scuffed heels
satin robe half tied, lace teddy underneath, bare legs
denim cutoffs, oversized band tee, cigarette in hand
sheer mesh top, bralette visible, tight mini skirt
black lace bodysuit, garter straps, worn ankle boots
sequined tube dress, smudged lipstick, dangling earrings
oversized motel towel wrap, damp hair, hoop earrings
vintage nightgown, lace trim, slipping off one shoulder
leather jacket, camisole, fishnet tights, cheap pumps
polka dot sundress, wrinkled fabric, chipped nail polish
white tank top, low rise jeans, glitter belt buckle
cropped cardigan, bralette, pleated skirt, knee socks
silk camisole, unbuttoned blouse, pencil skirt, stilettos
PVC mini dress, high shine, platform sandals
lingerie set, lace bra, matching panties, garter belt
strapless bustier top, tight shorts, rhinestone choker
old waitress uniform dress, name tag, stained apron
oversized hoodie, no pants, slouchy socks
halter top, micro skirt, bangles, strappy heels
cheap faux fur coat, slip dress, oversized sunglasses
baby tee, plaid mini skirt, chunky sneakers
camouflage jacket, black mini dress, combat boots
satin slip dress, strap fallen, bra band showing
lace bra, clasp twisted, strap digging into shoulder
button down shirt, buttons misaligned, gaping at chest
mini skirt zipper stuck halfway, uneven hemline
fishnet tights torn at knee, laddered run up thigh
bra strap snapped, held with safety pin
robe slipping open, belt loop torn, fabric dragging
tube top sliding down, constant readjustment, bare midriff
heels unbuckled, ankle strap hanging loose
blouse sleeve ripped seam, shoulder exposed
nightgown strap twisted, lace snagged, frayed thread
bodysuit clasp popped, fabric riding up awkwardly
dress hem caught in panties, bunched fabric at hip
tank top stretched out, bra cup peeking from side
denim shorts button popped, waistband pulled tight
stockings rolled down, garter clip slipped off